point_id,seg,tanggal,n_bacaan,d_radial_mm,d_tangensial_mm,d_vertikal_mm
CND_14,0,2026-09-01,5,0.008,-0.0,0.542
CND_14,0,2026-09-02,11,0.057,-0.181,-0.21
CND_1401,0,2026-09-01,5,0.025,0.162,-0.5
CND_1401,0,2026-09-02,12,0.057,-0.298,0.769
CND_1401,0,2026-09-03,12,-0.55,0.075,0.986
CND_1401,0,2026-09-04,12,-0.343,-0.609,0.672
CND_1401,0,2026-09-05,11,-0.309,-0.04,1.575
CND_1401,0,2026-09-06,9,-0.216,-0.535,0.74
CND_1401,0,2026-09-07,5,-0.092,-1.004,-0.971
CND_1401,0,2026-09-08,4,-0.485,-1.001,1.205
CND_1402,0,2026-09-01,5,0.025,-0.66,0.042
CND_1402,0,2026-09-02,12,0.078,-0.327,-0.283
CND_1402,0,2026-09-03,12,-0.164,-0.532,0.914
CND_1402,0,2026-09-04,12,0.195,0.307,0.182
CND_1402,0,2026-09-05,12,0.308,-0.531,0.899
CND_1402,0,2026-09-06,11,0.427,-2.788,-0.904
CND_1402,0,2026-09-07,10,0.217,-1.524,1.354
CND_1402,0,2026-09-08,12,0.183,-1.411,0.622
CND_1402,0,2026-09-09,7,0.281,-0.888,-1.954
CND_1402,0,2026-09-10,7,0.515,-1.848,0.087
CND_1403,1,2026-09-06,7,0.114,0.92,2.241
CND_1403,1,2026-09-07,11,0.558,0.698,1.406
CND_1403,1,2026-09-08,12,0.519,0.384,1.674
CND_1403,1,2026-09-09,12,1.197,-0.488,-1.536
CND_1403,1,2026-09-10,10,0.889,-0.956,-1.819
CND_1403,1,2026-09-11,10,1.026,-0.426,-3.051
CND_1503,0,2026-09-01,5,-0.068,-0.208,0.083
CND_1503,0,2026-09-02,12,-0.069,-0.593,0.166
CND_1503,0,2026-09-03,12,0.095,0.24,0.414
CND_1503,0,2026-09-04,12,0.264,-0.126,-0.338
CND_1503,0,2026-09-05,12,0.008,-0.368,-1.007
CND_1503,0,2026-09-06,11,-0.233,-0.037,0.199
CND_1503,0,2026-09-07,11,-0.206,-0.45,0.53
CND_1503,0,2026-09-08,12,-0.222,-0.845,0.685
CND_1503,0,2026-09-09,9,-0.597,-0.095,-1.098
CND_1503,0,2026-09-10,12,-0.722,0.254,0.149
CND_1503,0,2026-09-11,9,-0.804,-1.273,0.335
CND_1504,0,2026-09-01,5,0.036,-0.0,0.062
CND_1504,0,2026-09-02,12,0.179,-0.432,-0.293
CND_1504,0,2026-09-03,12,0.164,-0.87,-0.566
CND_1504,0,2026-09-04,12,0.297,-1.852,-0.39
CND_1504,0,2026-09-05,12,0.563,-1.5,-1.508
CND_1504,0,2026-09-06,11,-0.146,-1.978,-0.698
CND_1504,0,2026-09-07,11,0.182,-1.379,-2.471
CND_1504,0,2026-09-08,12,0.181,-1.871,-1.388
CND_1504,0,2026-09-09,11,-0.105,-2.952,-1.954
CND_1504,0,2026-09-10,12,-0.18,-1.93,-1.82
CND_1504,0,2026-09-11,9,-0.445,-3.33,-1.458
CND_1505,0,2026-09-01,5,0.027,-0.576,0.041
CND_1505,0,2026-09-02,12,0.204,0.402,0.114
CND_1505,0,2026-09-03,12,0.003,0.727,1.362
CND_1505,0,2026-09-04,12,0.274,0.601,0.734
CND_1505,0,2026-09-05,12,0.025,0.846,0.44
CND_1505,0,2026-09-06,11,-0.153,0.259,1.302
CND_1505,0,2026-09-07,11,-0.232,0.12,2.405
CND_1505,0,2026-09-08,12,-0.423,0.425,1.184
CND_1505,0,2026-09-09,12,-0.264,-0.187,-0.965
CND_1505,0,2026-09-10,12,-0.536,0.038,0.628
CND_1505,0,2026-09-11,12,-1.02,1.014,0.511
CND_1505,0,2026-09-12,9,1.521,6.088,-10.231
CND_1505,0,2026-09-13,6,1.243,5.365,-10.117
CND_1602,0,2026-09-01,5,0.018,-0.0,0.021
CND_1602,0,2026-09-02,5,-0.7,-0.052,1.124
CND_1602,1,2026-09-02,6,0.48,-1.706,0.3
CND_1602,1,2026-09-03,12,-0.002,-1.819,0.924
CND_1602,1,2026-09-04,12,-0.184,-2.263,-0.215
CND_1602,1,2026-09-05,7,0.359,-3.728,0.91
CND_1602,1,2026-09-06,7,-1.292,-3.269,2.24
CND_1602,1,2026-09-07,11,-1.186,-3.525,4.385
CND_1602,1,2026-09-08,11,-1.237,-3.179,3.591
CND_1602,1,2026-09-09,9,-1.194,-0.534,0.005
CND_1602,1,2026-09-10,9,-1.146,-2.177,0.087
CND_1602,1,2026-09-11,4,-1.588,-3.278,0.428
CND_1603,0,2026-09-01,5,-0.29,0.0,0.083
CND_1603,0,2026-09-02,5,0.236,0.387,0.104
CND_1603,1,2026-09-02,7,0.243,-1.364,1.81
CND_1603,1,2026-09-03,12,-0.222,-1.21,2.424
CND_1603,1,2026-09-04,12,0.07,-1.239,-0.276
CND_1603,1,2026-09-05,11,-0.069,-0.714,1.348
CND_1603,1,2026-09-06,11,-0.424,-1.586,0.616
CND_1603,1,2026-09-07,11,-0.845,-3.762,1.947
CND_1603,1,2026-09-08,12,-0.975,-2.366,1.247
CND_1603,1,2026-09-09,8,-0.637,-0.452,-0.995
CND_1603,1,2026-09-10,12,-0.596,-1.226,-0.278
CND_1603,1,2026-09-11,12,-1.7,-1.505,1.366
CND_1604,0,2026-09-01,5,0.232,0.853,0.521
CND_1604,0,2026-09-02,12,-0.193,-0.518,0.79
CND_1604,0,2026-09-03,12,-0.447,1.49,0.904
CND_1604,0,2026-09-04,12,-0.338,2.652,0.683
CND_1604,0,2026-09-05,9,-1.106,3.022,3.368
CND_1604,0,2026-09-06,7,-0.954,5.087,1.72
CND_1604,0,2026-09-07,11,-0.822,4.044,-0.929
CND_1604,0,2026-09-08,10,-1.02,2.874,0.174
CND_1604,0,2026-09-09,8,-1.019,7.331,-1.005
CND_1604,0,2026-09-10,11,-1.339,5.711,-2.392
CND_1604,0,2026-09-11,11,-1.32,5.299,-1.102
CND_17,0,2026-09-01,5,-0.091,0.003,0.043
CND_17,0,2026-09-02,12,-0.038,0.526,0.115
CND_17,0,2026-09-03,12,0.018,-0.052,0.487
CND_17,0,2026-09-04,11,0.051,0.04,-0.214
CND_17,0,2026-09-05,12,-1.308,-0.127,-0.455
CND_170_1,0,2026-09-01,5,0.374,0.0,-0.438
CND_170_1,0,2026-09-02,12,0.222,-0.261,-1.18
CND_170_1,0,2026-09-03,12,-0.248,-0.84,0.465
CND_170_1,0,2026-09-04,12,-0.184,-0.63,-0.88
CND_170_1,0,2026-09-05,12,-0.717,1.14,-0.039
CND_170_1,0,2026-09-06,11,-0.634,-0.712,-0.24
CND_170_1,0,2026-09-07,11,-0.721,1.107,0.029
CND_170_1,0,2026-09-08,12,-0.983,0.892,-0.733
CND_170_1,0,2026-09-09,11,-1.175,0.573,-0.599
CND_170_1,0,2026-09-10,10,-0.841,-0.541,-2.331
CND_170_1,0,2026-09-11,11,-1.43,-0.963,-1.959
CND_170_1,0,2026-09-12,9,-1.537,-0.235,0.186
CND_170_1,0,2026-09-13,5,-0.912,-1.451,-2.649
CND_18,0,2026-09-01,5,0.016,0.084,-0.457
CND_18,0,2026-09-02,12,0.058,0.363,-1.199
CND_18,0,2026-09-03,12,0.087,0.465,0.445
CND_18,0,2026-09-04,12,-1.829,0.044,-1.183
CND_18,0,2026-09-05,12,-2.795,-0.692,-1.455
CND_1803,0,2026-09-01,5,0.012,-0.584,0.084
CND_1803,0,2026-09-02,12,0.161,0.669,0.125
CND_1803,0,2026-09-03,11,0.387,1.765,-0.606
CND_1803,0,2026-09-04,12,0.752,0.423,-1.307
CND_1803,0,2026-09-05,12,0.4,0.893,-0.549
CND_1803,0,2026-09-06,7,0.655,0.462,-0.842
CND_1803,0,2026-09-07,5,1.178,2.054,-2.553
CND_1803,0,2026-09-08,4,1.015,0.391,-3.284
CND_180_2,0,2026-09-01,5,-0.384,0.332,-0.479
CND_180_2,0,2026-09-02,12,0.488,1.889,-2.335
CND_180_2,0,2026-09-03,12,-0.665,1.999,-0.994
CND_180_2,0,2026-09-04,12,-0.722,2.215,-1.808
CND_180_2,0,2026-09-05,12,-1.421,1.555,0.054
CND_180_2,0,2026-09-06,11,-2.319,1.612,0.657
CND_180_2,0,2026-09-07,11,-2.308,0.489,-1.054
CND_180_2,0,2026-09-08,12,-2.713,1.6,-0.816
CND_180_2,0,2026-09-09,11,-3.389,3.703,-3.64
CND_180_2,0,2026-09-10,12,-3.188,2.963,-3.217
CND_180_2,0,2026-09-11,12,-4.301,4.22,-2.989
CND_180_2,0,2026-09-12,12,-4.567,3.529,-0.783
CND_180_2,0,2026-09-13,6,-4.364,4.715,-3.659
CND_1901,0,2026-09-01,4,0.043,0.317,0.022
CND_1901,0,2026-09-02,10,0.95,1.521,-0.865
CND_1901,0,2026-09-03,9,0.457,4.251,-0.503
CND_1901,0,2026-09-04,8,0.671,4.907,0.193
CND_1901,0,2026-09-05,4,0.759,2.125,-3.038
CND_190_3,0,2026-09-01,5,0.028,-0.01,0.083
CND_190_3,0,2026-09-02,12,0.003,-1.137,-0.366
CND_190_3,0,2026-09-03,12,-1.193,-0.714,0.465
CND_190_3,0,2026-09-04,12,-1.479,-0.553,-0.808
CND_190_3,0,2026-09-05,12,-2.205,-0.012,0.94
CND_190_3,0,2026-09-06,11,-2.837,-0.135,-0.843
CND_190_3,0,2026-09-07,11,-3.173,-1.198,0.364
CND_190_3,0,2026-09-08,12,-3.67,-0.846,-1.378
CND_190_3,0,2026-09-09,11,-4.052,-1.263,-3.14
CND_190_3,0,2026-09-10,12,-4.766,0.0,-3.3
CND_190_3,0,2026-09-11,12,-5.645,-0.083,-3.01
CND_190_3,0,2026-09-12,12,-6.577,1.271,-1.252
CND_190_3,0,2026-09-13,6,-6.089,-0.48,-4.128
CND_190_4,0,2026-09-01,5,0.054,-0.802,0.062
CND_190_4,0,2026-09-02,12,-0.35,-0.065,-0.366
CND_190_4,0,2026-09-03,12,-1.813,-0.262,2.362
CND_190_4,0,2026-09-04,12,-2.522,-1.109,-0.287
CND_190_4,0,2026-09-05,12,-3.285,0.638,-1.956
CND_190_4,0,2026-09-06,11,-4.66,-0.225,1.261
CND_190_4,0,2026-09-07,11,-5.184,0.039,0.529
CND_190_4,0,2026-09-08,12,-6.48,-0.41,0.184
CND_190_4,0,2026-09-09,12,-7.803,0.043,-2.465
CND_190_4,0,2026-09-10,12,-8.156,0.38,-3.289
CND_190_4,0,2026-09-11,12,-9.466,1.023,-2.5
CND_190_4,0,2026-09-12,12,-10.568,-0.017,-1.314
CND_190_4,0,2026-09-13,6,-10.484,1.017,-1.649
CND_190_5,0,2026-09-01,5,0.026,-0.0,0.021
CND_190_5,0,2026-09-02,12,-1.115,0.637,-1.179
CND_190_5,0,2026-09-03,12,-1.735,0.318,0.424
CND_190_5,0,2026-09-04,12,-2.208,1.055,-1.266
CND_190_5,0,2026-09-05,12,-2.835,1.558,-3.456
CND_190_5,0,2026-09-06,11,-3.422,1.502,-1.719
CND_190_5,0,2026-09-07,11,-4.055,0.796,-1.657
CND_190_5,0,2026-09-08,12,-4.983,0.718,-2.378
CND_190_5,0,2026-09-09,12,-5.219,0.268,-4.068
CND_190_5,0,2026-09-10,12,-6.435,-0.112,-3.81
CND_190_5,0,2026-09-11,12,-7.783,0.484,-2.469
CND_190_5,0,2026-09-12,12,-8.056,-0.397,-2.345
CND_190_5,0,2026-09-13,6,-8.385,-1.696,-3.576
CND_190_6,0,2026-09-01,5,0.338,-0.469,0.542
CND_190_6,0,2026-09-02,12,0.401,0.109,-0.345
CND_190_6,0,2026-09-03,12,-0.347,-0.208,0.548
CND_190_6,0,2026-09-04,12,-0.117,-0.816,-0.828
CND_190_6,0,2026-09-05,12,-0.702,-0.73,-0.956
CND_190_6,0,2026-09-06,11,-1.39,-1.339,-0.342
CND_190_6,0,2026-09-07,11,-1.251,-0.224,-0.95
CND_190_6,0,2026-09-08,12,-1.718,-0.783,-1.316
CND_190_6,0,2026-09-09,12,-2.22,-0.845,-2.057
CND_190_6,0,2026-09-10,12,-2.965,-0.966,-2.799
CND_190_6,0,2026-09-11,12,-3.535,-1.882,-2.02
CND_20,0,2026-09-01,5,0.02,0.097,0.001
CND_20,0,2026-09-02,12,0.042,0.013,-0.272
CND_20,0,2026-09-03,12,-0.359,0.14,0.518
CND_20,0,2026-09-04,12,-0.777,0.154,-0.224
CND_20,0,2026-09-05,12,-0.784,-0.1,0.055
CND_20,0,2026-09-06,8,-0.734,0.425,-0.321
CND_20,0,2026-09-07,11,-1.645,-0.088,-0.511
CND_200_3,0,2026-09-01,5,0.298,0.28,0.041
CND_200_3,0,2026-09-02,12,0.01,0.257,-2.262
CND_200_3,0,2026-09-03,12,-1.41,-0.087,-1.638
CND_200_3,0,2026-09-04,12,-2.225,-0.313,-2.808
CND_200_3,0,2026-09-05,12,-2.881,0.011,-3.936
CND_200_3,0,2026-09-06,11,-4.42,0.02,-2.719
CND_200_3,0,2026-09-07,11,-5.307,-0.052,-2.512
CND_200_3,0,2026-09-08,12,-6.188,-0.242,-3.816
CND_200_3,0,2026-09-09,12,-6.701,-0.648,-8.089
CND_200_3,0,2026-09-10,12,-7.585,0.534,-7.768
CND_200_3,0,2026-09-11,12,-9.088,1.035,-9.155
CND_200_3,0,2026-09-12,12,-9.771,-0.71,-9.273
CND_200_3,0,2026-09-13,6,-10.644,-0.759,-5.107
CND_200_4,0,2026-09-01,5,0.146,-0.493,0.521
CND_200_4,0,2026-09-02,12,-0.48,0.761,-1.804
CND_200_4,0,2026-09-03,12,-2.046,-0.439,-0.535
CND_200_4,0,2026-09-04,12,-2.276,-1.241,-3.704
CND_200_4,0,2026-09-05,12,-3.405,0.494,-3.018
CND_200_4,0,2026-09-06,11,-5.269,-0.212,-0.384
CND_200_4,0,2026-09-07,11,-5.902,-0.035,-0.157
CND_200_4,0,2026-09-08,12,-7.266,0.533,-1.357
CND_200_4,0,2026-09-09,12,-8.229,0.539,-3.626
CND_200_4,0,2026-09-10,12,-8.648,-0.401,-5.717
CND_200_4,0,2026-09-11,12,-10.147,-1.469,-6.031
CND_200_4,0,2026-09-12,12,-10.955,-0.915,-5.793
CND_200_4,0,2026-09-13,6,-10.836,0.772,-6.149
CND_200_5,0,2026-09-01,5,-0.027,-0.114,0.5
CND_200_5,0,2026-09-02,12,-0.599,0.472,-1.345
CND_200_5,0,2026-09-03,12,-1.153,0.029,-1.576
CND_200_5,0,2026-09-04,12,-1.577,-1.835,-3.694
CND_200_5,0,2026-09-05,11,-2.131,-1.447,-5.446
CND_200_5,0,2026-09-06,11,-2.757,-1.858,-4.363
CND_200_5,0,2026-09-07,11,-3.303,-1.774,-4.95
CND_200_5,0,2026-09-08,12,-3.837,-0.528,-6.898
CND_200_5,0,2026-09-09,12,-5.022,-1.181,-7.444
CND_200_5,0,2026-09-10,12,-5.508,-2.092,-9.31
CND_200_5,0,2026-09-11,12,-6.244,-1.35,-9.458
CND_200_5,0,2026-09-12,11,-5.151,-3.713,-15.731
CND_200_5,0,2026-09-13,6,-6.464,-6.793,-12.638
CND_200_6,0,2026-09-01,5,0.278,0.0,0.042
CND_200_6,0,2026-09-02,12,0.033,-0.464,-0.303
CND_200_6,0,2026-09-03,12,-0.625,-0.35,0.893
CND_200_6,0,2026-09-04,12,-0.738,0.054,-2.38
CND_200_6,0,2026-09-05,12,-0.812,-0.968,-3.935
CND_200_6,0,2026-09-06,11,-1.701,0.144,-2.842
CND_200_6,0,2026-09-07,11,-1.913,0.448,-2.615
CND_200_6,0,2026-09-08,12,-2.67,-0.369,-4.212
CND_200_6,0,2026-09-09,11,-2.392,-0.868,-7.098
CND_200_6,0,2026-09-10,12,-3.878,-0.753,-5.32
CND_200_6,0,2026-09-11,12,-4.509,-0.767,-5.958
CND_200_7,0,2026-09-01,5,0.261,0.442,0.083
CND_200_7,0,2026-09-02,12,0.426,-0.688,-0.303
CND_200_7,0,2026-09-03,12,-0.245,-0.795,0.373
CND_200_7,0,2026-09-04,12,0.222,-0.673,-2.255
CND_200_7,0,2026-09-05,12,-0.155,-0.601,-2.435
CND_200_7,0,2026-09-06,11,-0.753,0.465,-2.718
CND_200_7,0,2026-09-07,11,-0.715,-0.518,-1.656
CND_200_7,0,2026-09-08,12,-0.831,-0.862,-3.305
CND_200_7,0,2026-09-09,9,-1.282,0.487,-2.954
CND_200_7,0,2026-09-10,12,-1.551,-0.119,-4.382
CND_200_7,0,2026-09-11,12,-1.253,-2.257,-6.551
CND_200_8,0,2026-09-01,5,0.182,0.004,0.021
CND_200_8,0,2026-09-02,12,-0.669,-0.967,-0.752
CND_200_8,0,2026-09-03,12,-2.151,0.12,0.893
CND_200_8,0,2026-09-04,12,-2.286,0.444,-2.797
CND_200_8,0,2026-09-05,12,-3.5,0.506,-2.56
CND_200_8,0,2026-09-06,11,-4.494,1.329,-3.678
CND_200_8,0,2026-09-07,11,-5.285,-0.081,-2.471
CND_200_8,0,2026-09-08,12,-6.385,1.293,-3.378
CND_200_8,0,2026-09-09,12,-6.964,-0.327,-7.027
CND_200_8,0,2026-09-10,12,-7.966,1.958,-8.31
CND_200_8,0,2026-09-11,12,-8.947,1.103,-9.551
CND_200_8,0,2026-09-12,12,-10.286,1.694,-7.242
CND_200_8,0,2026-09-13,6,-10.907,3.029,-5.118
CND_210_3,0,2026-09-01,5,0.035,-0.963,0.062
CND_210_3,0,2026-09-02,12,-0.544,2.358,-0.793
CND_210_3,0,2026-09-03,12,-2.204,0.277,0.362
CND_210_3,0,2026-09-04,12,-2.669,0.482,-1.328
CND_210_3,0,2026-09-05,12,-4.539,0.594,0.858
CND_210_3,0,2026-09-06,11,-5.509,0.474,-1.905
CND_210_3,0,2026-09-07,11,-6.012,0.43,-2.616
CND_210_3,0,2026-09-08,12,-6.929,0.797,-3.857
CND_210_3,0,2026-09-09,9,-8.529,0.436,-6.975
CND_210_3,0,2026-09-10,12,-8.727,1.031,-7.861
CND_210_3,0,2026-09-11,10,-10.698,1.835,-5.062
CND_210_3,0,2026-09-12,11,-12.029,0.347,-8.231
CND_210_3,0,2026-09-13,6,-12.499,2.183,-4.149
CND_210_4,0,2026-09-01,5,-0.318,-0.33,-0.479
CND_210_4,0,2026-09-02,12,-0.732,0.063,0.217
CND_210_4,0,2026-09-03,12,-1.865,-0.135,-0.014
CND_210_4,0,2026-09-04,12,-3.073,1.321,-1.828
CND_210_4,0,2026-09-05,11,-3.56,0.0,0.347
CND_210_4,0,2026-09-06,11,-5.069,0.198,-2.384
CND_210_4,0,2026-09-07,11,-5.878,-0.412,-2.136
CND_210_4,0,2026-09-08,12,-7.076,0.301,-3.785
CND_210_4,0,2026-09-09,12,-8.244,-0.54,-5.589
CND_210_4,0,2026-09-10,12,-8.823,-0.461,-6.779
CND_210_4,0,2026-09-11,12,-10.106,0.043,-9.155
CND_210_4,0,2026-09-12,11,-10.704,-1.329,-8.834
CND_210_4,0,2026-09-13,6,-12.043,-2.108,-7.097
CND_210_5,0,2026-09-01,5,0.416,0.676,-0.437
CND_210_5,0,2026-09-02,12,0.233,-1.295,-0.345
CND_210_5,0,2026-09-03,12,-0.921,-0.834,-2.473
CND_210_5,0,2026-09-04,12,-0.451,-0.016,-5.818
CND_210_5,0,2026-09-05,12,-1.616,0.95,-3.059
CND_210_5,0,2026-09-06,11,-3.166,0.262,-3.404
CND_210_5,0,2026-09-07,11,-3.087,-0.217,-5.095
CND_210_5,0,2026-09-08,12,-3.892,-0.493,-6.898
CND_210_5,0,2026-09-09,12,-4.518,-0.331,-9.057
CND_210_5,0,2026-09-10,12,-5.445,-0.437,-9.196
CND_210_5,0,2026-09-11,12,-6.784,-1.051,-9.092
CND_210_6,0,2026-09-01,5,0.056,-0.0,0.063
CND_210_6,0,2026-09-02,12,0.335,0.724,-2.251
CND_210_6,0,2026-09-03,12,-0.189,0.732,-2.035
CND_210_6,0,2026-09-04,12,0.104,0.288,-3.848
CND_210_6,0,2026-09-05,12,-0.344,1.747,-4.539
CND_210_6,0,2026-09-06,11,-2.108,0.72,-1.739
CND_210_6,0,2026-09-07,11,-1.836,1.96,-2.594
CND_210_6,0,2026-09-08,12,-2.498,1.779,-4.743
CND_210_6,0,2026-09-09,12,-3.264,2.669,-6.516
CND_210_6,0,2026-09-10,12,-3.767,1.615,-7.882
CND_210_6,0,2026-09-11,12,-4.263,2.436,-7.051
CND_210_7,0,2026-09-01,5,-0.376,-0.958,-0.458
CND_210_7,0,2026-09-02,12,0.074,1.114,-0.179
CND_210_7,0,2026-09-03,12,0.174,-0.349,1.404
CND_210_7,0,2026-09-04,8,0.048,-0.016,2.234
CND_210_7,0,2026-09-05,6,-0.106,-0.792,2.941
CND_22,0,2026-09-01,5,0.435,-0.633,0.542
CND_22,0,2026-09-02,12,0.507,-0.233,0.197
CND_22,0,2026-09-03,12,0.487,-0.296,1.048
CND_22,0,2026-09-04,11,0.614,0.162,1.1
CND_22,0,2026-09-05,11,0.269,-0.128,1.389
CND_22,0,2026-09-06,11,0.401,1.161,0.782
CND_22,0,2026-09-07,11,-0.005,1.863,2.906
CND_22,0,2026-09-08,10,0.465,1.536,2.174
CND_23,0,2026-09-01,5,-0.484,-0.344,0.063
CND_23,0,2026-09-02,12,-0.13,-1.244,0.177
CND_23,0,2026-09-03,11,-0.052,-0.763,-0.586
CND_23,0,2026-09-04,12,0.317,-0.996,0.755
CND_23,0,2026-09-05,12,0.525,-1.089,-0.1
CND_23,0,2026-09-06,11,0.417,-2.77,0.158
CND_23,0,2026-09-07,11,1.503,-2.627,-0.615
CND_23,0,2026-09-08,12,1.463,-2.273,-1.335
CND_23,0,2026-09-09,10,1.278,-1.683,-0.536
CND_23,0,2026-09-10,12,1.259,-1.767,-0.892
CND_23,0,2026-09-11,9,1.179,-2.779,-1.643
CND_25,0,2026-09-01,5,0.02,-0.045,-0.438
CND_25,0,2026-09-02,12,0.023,-1.1,0.728
CND_25,0,2026-09-03,12,0.115,-0.726,0.934
CND_25,0,2026-09-04,12,0.178,-0.891,1.12
CND_25,0,2026-09-05,11,0.278,-1.264,1.389
CND_25,0,2026-09-06,10,0.287,-1.174,1.157
CND_25,0,2026-09-07,9,0.33,-1.039,1.071
CND_25,0,2026-09-08,5,-0.288,-1.334,2.112
CND_26,0,2026-09-01,5,0.084,-0.46,-0.417
CND_26,0,2026-09-02,12,0.42,1.003,-0.2
CND_26,0,2026-09-03,12,0.243,1.385,0.903
CND_26,0,2026-09-04,12,0.232,1.05,-0.297
CND_26,0,2026-09-05,12,0.165,0.96,0.482
CND_26,0,2026-09-06,4,0.215,0.925,-0.363
CND_27,0,2026-09-01,5,0.017,0.109,-0.458
CND_27,0,2026-09-02,12,0.048,1.032,-0.679
CND_27,0,2026-09-03,12,-0.06,1.319,0.455
CND_27,0,2026-09-04,12,-0.209,0.902,0.152
CND_27,0,2026-09-05,11,-0.173,1.032,1.348
CND_27,0,2026-09-06,10,-0.097,0.223,0.647
CND_29,0,2026-09-01,5,0.375,0.344,0.083
CND_29,0,2026-09-02,12,0.41,-0.402,0.145
CND_29,0,2026-09-03,12,-0.096,-0.203,0.548
CND_29,0,2026-09-04,12,0.548,-0.103,0.172
CND_29,0,2026-09-05,11,0.614,-0.806,-0.946
CND_30,0,2026-09-01,5,0.013,-0.0,0.042
CND_30,0,2026-09-02,12,0.034,-0.0,0.135
CND_30,0,2026-09-03,12,-0.101,0.14,0.393
CND_30,0,2026-09-04,12,0.334,0.173,-1.204
CND_30,0,2026-09-05,12,0.282,-0.27,-0.528
CND_30,0,2026-09-06,4,0.341,0.265,-0.863
CND_30002,0,2026-09-01,5,-0.278,0.01,-0.438
CND_30002,0,2026-09-02,12,0.002,-0.303,-2.2
CND_30002,0,2026-09-03,12,-0.741,-0.951,2.882
CND_30002,0,2026-09-04,12,0.504,-1.161,0.213
CND_30002,0,2026-09-05,12,-0.959,-0.428,4.471
CND_30002,0,2026-09-06,11,-1.115,-0.021,2.76
CND_30002,0,2026-09-07,11,-0.664,-0.889,4.926
CND_30002,0,2026-09-08,12,-0.128,-0.293,-0.202
CND_30002,0,2026-09-09,11,-0.144,0.057,-4.475
CND_30002,0,2026-09-10,12,-0.542,-0.106,-0.8
CND_30002,0,2026-09-11,12,-0.92,0.453,0.948
CND_30002,0,2026-09-12,12,-0.941,-0.91,1.248
CND_30002,0,2026-09-13,6,-0.266,-0.602,0.362
CND_30003,0,2026-09-01,5,0.195,0.213,0.083
CND_30003,0,2026-09-02,12,1.156,0.726,-2.273
CND_30003,0,2026-09-03,12,0.425,-0.125,1.872
CND_30003,0,2026-09-04,12,0.728,0.152,-0.37
CND_30003,0,2026-09-05,12,1.177,0.669,-1.55
CND_30003,0,2026-09-06,12,0.548,0.849,0.688
CND_30003,0,2026-09-07,11,0.457,0.701,1.384
CND_30003,0,2026-09-08,12,1.176,0.289,-1.806
CND_30003,0,2026-09-09,11,0.7,0.974,-1.975
CND_30003,0,2026-09-10,12,1.19,1.015,-1.3
CND_30003,0,2026-09-11,12,1.051,0.101,-1.99
CND_30003,0,2026-09-12,12,0.445,1.563,0.779
CND_30003,0,2026-09-13,6,1.078,-0.038,-0.097
CND_30004,0,2026-09-01,5,0.061,-0.0,-0.938
CND_30004,0,2026-09-02,12,0.997,-0.0,-3.711
CND_30004,0,2026-09-03,12,0.254,1.55,1.965
CND_30004,0,2026-09-04,12,0.747,0.906,1.12
CND_30004,0,2026-09-05,12,0.812,0.968,1.064
CND_30004,0,2026-09-06,12,0.111,2.162,4.626
CND_30004,0,2026-09-07,11,0.417,1.865,3.57
CND_30004,0,2026-09-08,12,0.921,1.728,-0.795
CND_30004,0,2026-09-09,10,0.554,2.069,-0.465
CND_30004,0,2026-09-10,12,0.517,2.884,1.2
CND_30004,0,2026-09-11,12,0.318,1.296,-0.541
CND_30004,0,2026-09-12,12,0.401,-0.586,2.207
CND_30004,0,2026-09-13,6,0.907,0.402,1.341
CND_32,0,2026-09-06,7,-0.253,1.699,1.302
CND_32,0,2026-09-07,11,-0.199,0.592,2.364
CND_32,0,2026-09-08,12,-0.15,0.506,1.757
CND_32,0,2026-09-09,12,-0.04,1.183,2.864
CND_32,0,2026-09-10,12,0.017,0.442,2.69
CND_32,0,2026-09-11,12,0.099,0.668,2.449
CND_34,0,2026-09-01,5,0.886,-0.163,-0.437
CND_34,0,2026-09-02,12,0.602,0.158,0.728
CND_34,0,2026-09-03,12,0.625,-0.419,0.497
CND_34,0,2026-09-04,12,0.68,0.197,0.193
CND_34,0,2026-09-05,12,0.682,-0.097,1.565
CND_34,0,2026-09-06,12,0.396,-0.028,1.647
CND_34,0,2026-09-07,11,0.42,0.394,2.864
CND_34,0,2026-09-08,11,0.162,0.079,2.278
CND_36,0,2026-09-01,5,-0.097,-0.283,0.063
CND_36,0,2026-09-02,10,0.621,1.729,-1.323
CND_36,0,2026-09-03,4,0.344,3.953,-2.482
