kunci,point_id,seg,segmen_terakhir,kelas,skor_prioritas,status_data,easting,northing,rl,jarak_stasiun_m,az_los_deg,dip_lokal_deg,dipdir_lokal_deg,dev_los,proj_los,n_obs,n_hari,cakupan,tgl_awal,tgl_akhir,jam_sejak_akhir,d_turunlereng_mm,d_vertikal_mm,d_total_3d_mm,rasio_HV,plunge_deg,v_turunlereng_mmhari,v_vertikal_mmhari,v_ci95_mmhari,v_paruh1_mmhari,v_paruh2_mmhari,delta_v_mmhari,rezim,changepoint,changepoint_skor,inverse_velocity,t_turunlereng,t_vertikal,koherensi_tetangga,sigma_radial_mm,sigma_tangensial_mm,sigma_vertikal_mm,sd_harian_rad_mm,sd_harian_vert_mm,gerak_sejak_pasang_mm,tarp,catatan
CND_210_5#0,CND_210_5,0,True,P1-PRIORITAS,81.4878,TERPUTUS_BARU,175727.4925,9046077.8995,210.9165,572.5731,320.8449,21.1594,146.7704,-5.9255,0.9947,124,11,1.0,2026-09-01 14:03,2026-09-12 00:03,34.0,7.2382,-8.6549,11.2827,0.8363,-50.0936,0.7238,-0.972,0.109,0.4302,0.7804,0.3502,progresif,,0.0,dapat_dihitung_tinjau_manual,11.7073,-5.0772,0.9957,0.7779,3.0014,2.4951,0.4348,1.2054,-77.0,belum_dikonfigurasi,tidak terukur 12-48 jam terakhir
CND_210_3#0,CND_210_3,0,True,P1-PRIORITAS,73.7612,AKTIF,175571.98,9045968.4585,209.157,615.8452,302.9048,20.4723,143.7893,-20.8845,0.9343,135,13,1.0,2026-09-01 14:01,2026-09-13 10:01,0.0333,13.4155,-4.2107,14.0608,3.186,-17.4256,1.1456,-0.6551,0.078,1.1987,1.2489,0.0502,linier,,0.06,tidak_berlaku,24.0927,-1.7127,0.9976,0.9865,3.4606,3.6298,0.3679,1.7384,-189.0,belum_dikonfigurasi,
CND_210_4#0,CND_210_4,0,True,P1-PRIORITAS,70.8478,AKTIF,175648.8565,9046021.443,209.7395,586.4618,311.3616,20.692,144.8039,-13.4424,0.9726,139,13,1.0,2026-09-01 14:02,2026-09-13 10:02,0.0167,12.0553,-6.6176,13.7522,1.8217,-28.764,1.0277,-0.8281,0.0527,0.977,1.0094,0.0324,linier,,0.22,tidak_berlaku,37.4919,-3.5377,0.997,0.6652,3.0725,2.9239,0.2211,1.3227,-120.0,belum_dikonfigurasi,
CND_210_6#0,CND_210_6,0,True,P1-PRIORITAS,70.0095,TERPUTUS_BARU,175793.462,9046117.787,210.815,567.0115,328.5825,21.4489,147.6998,0.8827,0.9999,124,11,1.0,2026-09-01 14:04,2026-09-12 00:03,34.0,4.3196,-7.1135,8.3223,0.6072,-58.7319,0.5094,-0.6901,0.1145,0.1077,0.5031,0.3954,progresif,,0.0,dapat_dihitung_tinjau_manual,6.5128,-4.0145,0.9848,0.9042,2.2463,3.0476,0.4689,1.2529,-52.0,belum_dikonfigurasi,tidak terukur 12-48 jam terakhir
CND_200_8#0,CND_200_8,0,True,P1-PRIORITAS,69.2701,AKTIF,175600.0045,9045956.631,200.683,585.9153,303.4225,20.4723,143.7893,-20.3668,0.9375,141,13,1.0,2026-09-01 14:01,2026-09-13 10:01,0.0333,11.8283,-5.1384,12.8962,2.3019,-23.481,0.9853,-0.8068,0.0368,0.9974,1.0455,0.0481,linier,,0.0,tidak_berlaku,36.8288,-2.1543,0.9979,0.5815,2.7205,3.132,0.2129,1.6866,-148.0,belum_dikonfigurasi,duplikat_target: 1.118 mm
CND_200_6#0,CND_200_6,0,True,P1-PRIORITAS,68.6764,TERPUTUS_BARU,175781.116,9046077.853,199.573,540.2782,325.2558,21.1463,146.7831,-1.5274,0.9996,122,11,1.0,2026-09-01 14:04,2026-09-11 22:03,36.0,4.789,-6.0,7.6769,0.7982,-51.4043,0.4518,-0.6283,0.1061,0.2771,0.6042,0.327,progresif,,0.0,tidak_berlaku,9.4161,-3.8068,0.9777,0.7457,2.2209,2.2244,0.3595,1.1145,-53.0,belum_dikonfigurasi,tidak terukur 12-48 jam terakhir
CND_200_4#0,CND_200_4,0,True,P1-PRIORITAS,67.2735,AKTIF,175653.3925,9045993.939,199.4065,565.1579,309.5723,20.692,144.8039,-15.2316,0.9649,141,13,1.0,2026-09-01 14:01,2026-09-13 10:02,0.0167,11.3811,-6.6694,13.1913,1.7065,-30.3707,1.0452,-0.4956,0.0832,1.1132,0.9488,-0.1644,regresif,,0.0,tidak_berlaku,17.65,-3.0927,0.9959,0.7622,2.2739,3.0476,0.4399,1.5249,-121.0,belum_dikonfigurasi,
CND_200_5#0,CND_200_5,0,True,P1-PRIORITAS,65.4015,AKTIF,175708.348,9046029.648,199.7935,549.118,316.1115,20.8787,146.4894,-10.3779,0.9836,139,13,1.0,2026-09-01 14:02,2026-09-13 10:03,0.0,6.544,-13.1383,14.6779,0.4981,-63.5227,0.555,-1.0476,0.0495,0.5485,0.5356,-0.0128,linier,,0.0,tidak_berlaku,11.0556,-6.6258,0.937,0.755,3.026,2.5459,0.4117,1.4021,-72.0,belum_dikonfigurasi,
CND_190_5#0,CND_190_5,0,True,P1-PRIORITAS,65.1426,AKTIF,175695.923,9045990.476,190.021,530.7308,312.2101,20.6646,146.0174,-13.8073,0.9711,141,13,1.0,2026-09-01 14:02,2026-09-13 10:02,0.0167,8.6618,-3.5971,9.379,2.408,-22.5524,0.7146,-0.2528,0.0649,0.6249,0.815,0.1902,progresif,2026-09-07 00:00,0.4,dapat_dihitung_tinjau_manual,20.2846,-2.6667,0.9913,0.8511,2.1782,2.3983,0.2932,0.9538,-76.0,belum_dikonfigurasi,
CND_200_3#0,CND_200_3,0,True,P1-PRIORITAS,64.8423,AKTIF,175600.004,9045956.63,200.683,585.9151,303.4224,20.4723,143.7893,-20.3669,0.9375,141,13,1.0,2026-09-01 14:01,2026-09-13 10:01,0.0333,11.6721,-5.1488,12.7572,2.267,-23.8032,0.9972,-0.7572,0.05,1.0066,0.9506,-0.056,linier,,0.16,tidak_berlaku,31.5646,-2.181,0.9973,0.8342,3.411,3.8188,0.2451,1.6693,-150.0,belum_dikonfigurasi,duplikat_target: 1.118 mm
CND_190_4#0,CND_190_4,0,True,P1-PRIORITAS,63.0041,AKTIF,175629.387,9045948.639,191.399,557.0709,304.401,20.4723,143.7893,-19.3883,0.9433,141,13,1.0,2026-09-01 14:01,2026-09-13 10:01,0.0333,11.1715,-1.7107,11.3018,,-8.7063,1.0166,-0.316,0.0726,0.9995,1.0504,0.0509,linier,2026-09-08 00:00,0.26,tidak_berlaku,23.4056,-0.9171,0.9984,0.6768,2.5109,2.8618,0.3184,1.319,-128.0,belum_dikonfigurasi,
CND_190_6#0,CND_190_6,0,True,P1-PRIORITAS,53.2934,TERPUTUS_BARU,175765.9475,9046038.06,190.0915,517.4196,321.3613,21.1463,146.7831,-5.4218,0.9955,124,11,1.0,2026-09-01 14:03,2026-09-12 00:03,34.0,3.8903,-2.5619,4.6581,1.5185,-33.3665,0.3811,-0.2753,0.0816,0.2605,0.5039,0.2433,progresif,,0.0,tidak_berlaku,9.714,-3.886,0.9952,0.5048,2.0048,1.9973,0.2819,0.4662,-50.0,belum_dikonfigurasi,tidak terukur 12-48 jam terakhir
CND_190_3#0,CND_190_3,0,True,P2-PERHATIAN,50.7395,AKTIF,175576.401,9045913.164,192.555,583.7573,298.5799,18.2218,147.0521,-28.4722,0.879,140,13,1.0,2026-09-01 14:00,2026-09-13 10:01,0.0333,6.9591,-4.2107,8.1338,1.6527,-31.1763,0.6236,-0.3189,0.0689,0.6948,0.6239,-0.0709,linier,,0.07,tidak_berlaku,15.1307,-2.8823,0.9959,0.6464,3.2774,2.8096,0.2859,1.033,-147.0,belum_dikonfigurasi,
CND_180_2#0,CND_180_2,0,True,P2-PERHATIAN,41.4047,AKTIF,175612.6395,9045898.023,179.1995,544.7062,299.0048,18.2218,147.0521,-28.0473,0.8826,140,13,1.0,2026-09-01 14:01,2026-09-13 10:01,0.0333,4.5097,-3.1798,5.518,1.4183,-35.1872,0.4648,-0.1777,0.0819,0.6247,0.4449,-0.1798,regresif,,0.04,tidak_berlaku,7.5455,-1.7966,0.9867,0.6987,2.6513,3.637,0.373,1.2515,-68.0,belum_dikonfigurasi,
CND_200_7#0,CND_200_7,0,True,P2-PERHATIAN,39.5763,TERPUTUS_BARU,175835.3245,9046112.334,199.587,541.5355,332.0637,21.4489,147.6998,4.3639,0.9971,120,11,1.0,2026-09-01 14:04,2026-09-11 22:04,35.9833,1.518,-6.6343,6.8057,0.2288,-77.1119,0.1941,-0.5098,0.0766,0.1033,0.1409,0.0376,progresif,,0.0,tidak_berlaku,4.67,-5.3765,0.951,0.7199,3.0463,2.8664,0.2292,0.8725,-38.0,belum_dikonfigurasi,tidak terukur 12-48 jam terakhir
CND_18#0,CND_18,0,True,P2-PERHATIAN,36.5709,HILANG,176091.6815,9045811.799,90.8265,177.9148,0.8546,15.9418,152.8423,28.0122,0.8828,54,5,1.0,2026-09-01 14:08,2026-09-06 00:07,177.9333,3.1843,-0.9978,3.3369,,-17.3994,0.9323,-0.2456,1.1085,,,,linier,,0.0,tidak_berlaku,3.1979,-0.9961,0.9451,0.8229,1.4935,3.0265,0.6216,0.7084,-14.0,belum_dikonfigurasi,berhenti terukur - perlu pemulihan target
CND_1505#0,CND_1505,0,True,P3-PANTAU RUTIN,34.4357,AKTIF,175806.121,9045879.832,150.601,374.8559,311.0001,15.5181,147.6989,-16.6988,0.9578,138,13,1.0,2026-09-01 14:01,2026-09-13 10:02,0.0167,-1.2693,-10.1589,10.2379,-0.1249,-82.8782,0.0617,-0.1399,0.1147,0.0377,-0.1661,-0.2038,stabil,,0.2,tidak_berlaku,-1.286,-2.1852,0.8849,0.6019,2.0063,2.6906,0.6685,3.2873,-30.0,belum_dikonfigurasi,duplikat_target: 1.0 mm
CND_1403#1,CND_1403,1,True,P3-PANTAU RUTIN,29.3471,TERPUTUS_BARU,175946.072,9045943.796,142.136,341.2762,335.2357,20.6276,147.7873,7.4484,0.9916,62,6,1.0,2026-09-06 10:06,2026-09-11 18:05,39.9667,-0.9195,-5.2914,5.3707,-0.1738,-80.142,-0.1839,-1.075,0.267,-0.204,0.0865,0.2905,progresif,,0.0,tidak_berlaku,-3.01,-5.3251,-0.7103,0.5589,1.5909,2.3074,0.2142,0.7026,-95.0,belum_dikonfigurasi,"tidak terukur 12-48 jam terakhir; segmen ke-2: baseline direset, perpindahan tidak disambung"
CND_1504#0,CND_1504,0,True,P3-PANTAU RUTIN,28.6666,TERPUTUS_BARU,175859.449,9045915.004,151.306,362.9376,320.7609,20.1459,146.6838,-5.9228,0.9947,119,11,1.0,2026-09-01 14:03,2026-09-11 22:03,36.0,0.4831,-1.5205,1.5954,,-72.3725,0.045,-0.1825,0.0631,-0.1305,0.1215,0.2521,stabil,,0.0,tidak_berlaku,1.5286,-2.1512,0.7567,0.5884,2.166,1.593,0.2223,0.4998,-38.0,belum_dikonfigurasi,tidak terukur 12-48 jam terakhir; duplikat_target: 2.5 mm
CND_20#0,CND_20,0,True,P3-PANTAU RUTIN,24.1134,HILANG,176085.792,9045836.294,100.395,202.4159,359.084,14.1725,147.2595,31.8244,0.8497,72,7,1.0,2026-09-01 14:08,2026-09-07 22:07,131.9333,1.9599,-0.5126,2.0258,,-14.6561,0.3127,-0.0751,0.2368,0.2231,0.1745,-0.0486,regresif,,0.0,tidak_berlaku,5.323,-1.2303,0.6715,0.4179,1.2197,1.0811,0.2212,0.2946,-35.0,belum_dikonfigurasi,berhenti terukur - perlu pemulihan target; duplikat_target: 1.118 mm
CND_170_1#0,CND_170_1,0,True,P3-PANTAU RUTIN,22.6797,AKTIF,175649.3735,9045873.11,170.1515,500.5153,298.5496,17.8456,145.5101,-26.9605,0.8913,133,13,1.0,2026-09-01 14:00,2026-09-13 10:01,0.0333,1.4428,-2.2106,2.6398,0.6527,-56.8679,0.1681,-0.1419,0.0448,0.2402,0.1352,-0.105,regresif,,0.01,tidak_berlaku,3.5569,-1.8151,0.9183,0.6197,2.2611,2.6444,0.2557,0.8612,-35.0,belum_dikonfigurasi,
CND_1603#1,CND_1603,1,True,P3-PANTAU RUTIN,22.0948,TERPUTUS_BARU,175868.5025,9045954.9585,160.3275,389.4965,325.5157,19.8153,146.4339,-0.9183,0.9999,108,10,1.0,2026-09-02 10:04,2026-09-11 22:04,35.9833,1.9439,-0.4441,1.994,,-12.8696,0.1507,-0.1438,0.0921,0.1214,0.0445,-0.0769,regresif,,0.0,tidak_berlaku,4.658,-0.3096,0.8088,0.6429,3.4037,2.566,0.2951,1.0143,-1.0,belum_dikonfigurasi,"tidak terukur 12-48 jam terakhir; segmen ke-2: baseline direset, perpindahan tidak disambung; swap_target: 41943.689 mm; duplikat_target: 2.5 mm"
CND_23#0,CND_23,0,True,P3-PANTAU RUTIN,21.8527,TERPUTUS_BARU,176013.2445,9046010.328,154.81,383.9768,348.6171,18.6488,148.6351,19.982,0.9398,117,11,1.0,2026-09-01 14:08,2026-09-11 16:06,41.95,-1.7689,-1.7064,2.4578,,-43.9704,-0.2045,-0.1583,0.0825,-0.2532,0.0529,0.3061,progresif,,0.0,tidak_berlaku,-3.8312,-2.5129,-0.0339,0.7937,2.3353,2.2366,0.3068,0.4802,26.0,belum_dikonfigurasi,tidak terukur 12-48 jam terakhir
CND_1503#0,CND_1503,0,True,P3-PANTAU RUTIN,20.8704,TERPUTUS_BARU,175901.8465,9045942.283,150.922,360.7416,328.7429,19.9011,146.2217,2.5211,0.999,117,11,1.0,2026-09-01 14:04,2026-09-11 18:04,39.9833,0.7373,0.2521,0.7792,,18.8735,0.0818,0.0232,0.0594,-0.0537,0.1226,0.1763,stabil,,0.0,tidak_berlaku,2.8433,0.3028,0.4169,0.4786,1.9403,1.7247,0.1832,0.5885,-36.0,belum_dikonfigurasi,tidak terukur 12-48 jam terakhir
CND_34#0,CND_34,0,True,P3-PANTAU RUTIN,20.5805,HILANG,175936.001,9045905.155,130.9885,311.4392,330.5704,15.4622,141.4592,9.1111,0.9874,89,8,1.0,2026-09-01 14:04,2026-09-09 02:04,103.9833,0.7336,2.7149,2.8122,0.2702,74.8786,0.0779,0.4024,0.0778,0.0233,0.1539,0.1306,stabil,,0.0,tidak_berlaku,4.7291,4.0417,-0.1029,0.4086,1.258,1.4826,0.1083,0.475,-167.0,belum_dikonfigurasi,berhenti terukur - perlu pemulihan target
CND_1604#0,CND_1604,0,True,P3-PANTAU RUTIN,18.3372,TERPUTUS_BARU,175909.3505,9045978.548,160.3745,388.6689,332.4651,20.5944,146.5017,5.9634,0.9946,108,11,1.0,2026-09-01 14:04,2026-09-11 20:04,37.9833,1.5597,-1.6238,2.2515,,-46.1536,0.1385,-0.2508,0.0411,0.3188,0.0991,-0.2197,regresif,,0.0,tidak_berlaku,5.2142,-0.9252,0.3778,0.6579,2.6236,2.3696,0.2104,1.241,-41.0,belum_dikonfigurasi,tidak terukur 12-48 jam terakhir
CND_1602#1,CND_1602,1,True,P4-STABIL,16.7389,TERPUTUS_BARU,175824.0355,9045926.6195,161.429,394.846,317.8458,20.0995,146.4265,-8.5807,0.9888,88,10,1.0,2026-09-02 10:03,2026-09-11 14:03,44.0,2.0916,0.1283,2.0955,,3.5094,0.2029,0.0439,0.1475,0.3852,0.0279,-0.3573,regresif,,0.0,tidak_berlaku,3.7497,0.0567,0.7409,0.8259,2.7448,2.9496,0.39,1.5987,-1.0,belum_dikonfigurasi,"tidak terukur 12-48 jam terakhir; segmen ke-2: baseline direset, perpindahan tidak disambung; swap_target: 51254.2 mm; duplikat_target: 1.0 mm"
CND_25#0,CND_25,0,True,P4-STABIL,15.4201,HILANG,175918.2775,9045795.3355,110.2505,234.9806,313.3931,21.6845,147.0893,-13.6963,0.9716,76,8,1.0,2026-09-01 14:02,2026-09-08 20:02,110.0167,0.3164,2.5496,2.5692,0.1241,82.9248,-0.0537,0.229,0.0606,-0.0597,0.0925,0.1522,stabil,,0.0,tidak_berlaku,1.0756,4.6007,0.2322,0.0525,0.9864,1.4826,0.2021,0.3919,-116.0,belum_dikonfigurasi,berhenti terukur - perlu pemulihan target
CND_1901#0,CND_1901,0,True,P4-STABIL,14.4163,HILANG,176000.0755,9046150.616,191.08,524.3127,350.2322,16.3387,153.7421,16.4901,0.9589,35,5,1.0,2026-09-01 14:08,2026-09-05 14:08,187.9167,-0.7468,-3.0597,3.1496,-0.2441,-76.2831,-0.1719,-0.4934,0.7296,,,,linier,,0.0,tidak_berlaku,-1.718,-2.113,0.7525,0.6303,4.6557,2.9652,0.2947,1.024,-30.0,belum_dikonfigurasi,berhenti terukur - perlu pemulihan target
CND_1803#0,CND_1803,0,True,P4-STABIL,13.5712,TERPUTUS_BARU,175987.779,9046111.314,180.894,488.0283,348.0261,16.3387,153.7421,14.284,0.9691,72,8,1.0,2026-09-01 14:07,2026-09-11 12:07,45.9333,-1.0348,-3.3675,3.5229,-0.3073,-72.9181,-0.1506,-0.4723,0.0861,-0.2438,-0.2374,0.0064,linier,,0.0,tidak_berlaku,-4.0917,-4.1298,0.4893,0.5276,3.366,2.0438,0.1733,0.5766,-27.0,belum_dikonfigurasi,tidak terukur 12-48 jam terakhir
CND_17#0,CND_17,0,True,P4-STABIL,12.167,HILANG,176131.2555,9045837.286,91.111,207.7195,11.7295,14.1725,147.2595,44.4699,0.7136,54,5,1.0,2026-09-01 14:08,2026-09-06 06:07,171.9333,1.7054,-0.4978,1.7765,,-16.2741,-0.0541,-0.1444,0.9911,,,,stabil,,0.0,tidak_berlaku,1.9253,-1.2267,0.6919,0.3803,1.4014,1.4826,0.447,0.287,-36.0,belum_dikonfigurasi,berhenti terukur - perlu pemulihan target
CND_29#0,CND_29,0,True,P4-STABIL,8.201,HILANG,175899.7815,9045813.568,120.842,260.9471,313.5121,15.8715,141.1917,-7.6796,0.991,56,5,1.0,2026-09-01 14:02,2026-09-07 14:02,140.0167,-0.2406,-1.0288,1.0565,,-76.838,-0.0633,-0.1219,0.5809,,,,stabil,,0.0,tidak_berlaku,-0.6457,-1.5877,0.6727,0.1345,2.3914,2.1248,0.2611,0.4582,-164.0,belum_dikonfigurasi,berhenti terukur - perlu pemulihan target
CND_30#0,CND_30,0,True,P4-STABIL,6.6637,HILANG,175938.989,9045838.843,120.605,253.9915,323.7916,21.6845,147.0893,-3.2978,0.9983,64,6,1.0,2026-09-01 14:03,2026-09-10 10:04,71.9833,-0.3288,-0.905,0.9628,,-70.0315,-0.0675,-0.2211,0.1245,0.0571,-0.0033,-0.0603,stabil,,0.0,tidak_berlaku,-1.9665,-1.4138,0.5167,0.3205,1.6688,1.3591,0.118,0.4526,-218.0,belum_dikonfigurasi,berhenti terukur - perlu pemulihan target
CND_1401#0,CND_1401,0,True,P4-STABIL,5.9523,HILANG,175860.615,9045885.584,140.8005,339.8754,317.7746,20.9023,147.5127,-9.7381,0.9856,70,8,1.0,2026-09-01 14:02,2026-09-08 16:03,114.0,0.5173,1.7046,1.7814,,73.119,0.033,0.0582,0.1175,0.1639,-0.0177,-0.1816,stabil,,0.0,tidak_berlaku,1.7759,1.4105,0.0216,0.4743,2.1924,1.4826,0.203,0.8546,-152.0,belum_dikonfigurasi,berhenti terukur - perlu pemulihan target
CND_30003#0,CND_30003,0,True,P4-STABIL,5.8347,AKTIF,175469.928,9045870.8355,201.269,662.8886,290.942,20.379,145.9288,-34.9868,0.8193,141,13,1.0,2026-09-01 14:00,2026-09-13 10:00,0.05,-1.0776,-0.1798,1.0925,,-9.4699,-0.0221,-0.0673,0.0743,-0.0862,-0.0088,0.0774,stabil,,0.18,tidak_berlaku,-1.8432,-0.091,-0.213,0.8005,2.8208,3.1721,0.3387,1.3972,-7.0,belum_dikonfigurasi,
CND_30004#0,CND_30004,0,True,P4-STABIL,5.6503,AKTIF,175504.701,9045863.298,190.986,627.7417,291.4339,20.379,145.9288,-34.4949,0.8242,140,13,1.0,2026-09-01 14:00,2026-09-13 10:00,0.05,-1.0257,2.2789,2.4991,,65.768,-0.0171,0.053,0.0754,-0.0121,0.0038,0.0159,stabil,,0.05,tidak_berlaku,-1.9196,0.773,0.1264,0.8282,2.505,5.8257,0.3114,2.0846,-8.0,belum_dikonfigurasi,
CND_210_7#0,CND_210_7,0,True,P4-STABIL,5.1144,HILANG,175874.077,9046162.2,208.9825,570.3513,337.8598,16.9781,154.1942,3.6655,0.998,43,5,1.0,2026-09-01 14:05,2026-09-05 12:06,189.95,-0.2705,3.3988,3.4096,-0.0796,85.45,-0.0272,0.8735,0.303,,,,stabil,,0.0,tidak_berlaku,-0.9618,8.6684,-0.2137,1.4572,4.141,2.7435,0.1984,0.2773,-37.0,belum_dikonfigurasi,berhenti terukur - perlu pemulihan target
CND_26#0,CND_26,0,True,P4-STABIL,4.9434,HILANG,175947.3575,9045814.0305,110.3765,229.1639,321.8148,21.6845,147.0893,-5.2746,0.9958,57,6,1.0,2026-09-01 14:03,2026-09-06 06:03,172.0,-0.1317,0.0537,0.1423,,22.1865,0.0095,0.0107,0.0871,-0.08,0.0085,0.0886,stabil,,0.0,tidak_berlaku,-0.8352,0.0702,-0.1266,0.3684,1.1653,1.4826,0.1111,0.5408,-143.0,belum_dikonfigurasi,berhenti terukur - perlu pemulihan target
CND_30002#0,CND_30002,0,True,P4-STABIL,4.8682,AKTIF,175417.871,9045868.289,210.9495,710.9065,289.2505,20.379,145.9288,-36.6783,0.802,140,13,1.0,2026-09-01 14:00,2026-09-13 10:00,0.05,-0.0141,0.7996,0.7997,,88.9891,0.0291,0.0251,0.1127,0.2089,0.0381,-0.1708,stabil,,0.14,tidak_berlaku,-0.0176,0.2179,0.3707,1.1389,3.1124,6.7287,0.4546,2.5952,-9.0,belum_dikonfigurasi,
CND_27#0,CND_27,0,True,P4-STABIL,4.3994,HILANG,175983.949,9045837.38,110.1835,229.0067,332.6873,14.486,149.395,3.2922,0.9983,62,6,1.0,2026-09-01 14:05,2026-09-06 20:05,157.9667,0.1143,1.1055,1.1113,,84.0975,0.0384,0.3316,0.0922,0.0384,-0.056,-0.0944,stabil,,0.0,tidak_berlaku,1.1559,1.7899,-0.6574,0.4424,1.9976,1.4826,0.0698,0.4367,-124.0,belum_dikonfigurasi,berhenti terukur - perlu pemulihan target
CND_22#0,CND_22,0,True,P4-STABIL,3.3886,HILANG,175979.078,9045865.717,120.7815,256.5663,334.6248,15.1158,147.9678,6.657,0.9933,83,8,1.0,2026-09-01 14:05,2026-09-08 18:05,111.9667,-0.0303,1.6324,1.6327,,88.9384,0.0232,0.2574,0.0849,-0.0569,-0.0491,0.0078,stabil,,0.0,tidak_berlaku,-0.1258,2.1903,-0.7102,0.4509,1.3396,1.4826,0.1689,0.527,-158.0,belum_dikonfigurasi,berhenti terukur - perlu pemulihan target
CND_1402#0,CND_1402,0,True,P4-STABIL,2.6838,HILANG,175897.53,9045908.034,140.68,334.3931,325.0631,20.6917,145.5023,-0.4392,1.0,101,10,1.0,2026-09-01 14:04,2026-09-11 08:04,49.9833,-0.4899,0.0455,0.492,,5.301,-0.0533,-0.0159,0.039,-0.0647,-0.0268,0.0378,stabil,,0.0,tidak_berlaku,-2.5576,0.0338,-0.5607,0.3577,2.2185,1.8255,0.1354,0.9523,-146.0,belum_dikonfigurasi,berhenti terukur - perlu pemulihan target
CND_32#0,CND_32,0,True,P4-STABIL,1.8001,TERPUTUS_BARU,175884.243,9045833.843,130.38,286.2036,314.314,15.7063,140.4407,-6.1267,0.9943,66,6,1.0,2026-09-06 10:02,2026-09-11 22:02,36.0167,-0.354,1.1467,1.2001,,72.8428,-0.0712,0.2293,0.0159,-0.0519,-0.0702,-0.0183,stabil,,0.0,tidak_berlaku,-16.8802,1.9205,,0.0451,1.0608,1.4826,0.0147,0.4222,-293.0,belum_dikonfigurasi,tidak terukur 12-48 jam terakhir
CND_1602#0,CND_1602,0,False,P4-STABIL,0.0,HILANG,175806.12,9045879.832,150.601,374.8567,311.0,15.5181,147.6989,-16.6989,0.9578,10,2,,2026-09-01 14:01,2026-09-02 08:01,266.0333,,,,,,,,,,,,,,,,,,,0.2319,1.5355,1.8563,,,-19990.0,belum_dikonfigurasi,berhenti terukur - perlu pemulihan target; swap_target: 51254.2 mm; duplikat_target: 1.0 mm
CND_1603#0,CND_1603,0,False,P4-STABIL,0.0,HILANG,175859.4505,9045915.006,151.306,362.9382,320.7613,20.1459,146.6838,-5.9225,0.9947,10,2,,2026-09-01 14:03,2026-09-02 08:03,266.0,,,,,,,,,,,,,,,,,,,0.6702,1.5648,1.4826,,,-26559.0,belum_dikonfigurasi,berhenti terukur - perlu pemulihan target; swap_target: 41943.689 mm; duplikat_target: 2.5 mm
CND_14#0,CND_14,0,True,P4-STABIL,0.0,HILANG,176051.036,9045784.418,90.5905,155.2348,345.8336,15.9418,152.8423,12.9913,0.9744,16,2,,2026-09-01 14:07,2026-09-02 20:06,253.95,,,,,,,,,,,,,,,,,,,0.1745,0.7188,1.4826,,,-12.0,belum_dikonfigurasi,berhenti terukur - perlu pemulihan target
CND_36#0,CND_36,0,True,P4-STABIL,0.0,HILANG,176014.2415,9045954.159,131.407,328.8712,346.8557,17.8227,150.7447,16.111,0.9607,20,3,,2026-09-01 14:07,2026-09-04 10:08,215.9167,,,,,,,,,,,,,,,,,,,0.5023,4.1293,1.7475,,,-13.0,belum_dikonfigurasi,berhenti terukur - perlu pemulihan target
